{"v":"5.6.2","fr":23.9759979248047,"ip":0,"op":47.9999958454548,"w":1056,"h":960,"nm":"Lottie_step10","ddd":0,"assets":[{"id":"image_0","w":41,"h":38,"u":"images/","p":"img_0.png","e":0},{"id":"image_1","w":36,"h":150,"u":"images/","p":"img_1.png","e":0},{"id":"image_2","w":109,"h":36,"u":"images/","p":"img_2.png","e":0},{"id":"image_3","w":667,"h":668,"u":"images/","p":"img_3.png","e":0},{"id":"image_4","w":103,"h":569,"u":"images/","p":"img_4.png","e":0},{"id":"image_5","w":142,"h":617,"u":"images/","p":"img_5.png","e":0},{"id":"comp_0","layers":[{"ddd":0,"ind":1,"ty":2,"nm":"Layer 6","refId":"image_0","sr":1,"ks":{"o":{"a":0,"k":100,"ix":11},"r":{"a":0,"k":0,"ix":10},"p":{"a":0,"k":[536.581,495.376,0],"ix":2},"a":{"a":0,"k":[20.264,18.964,0],"ix":1},"s":{"a":0,"k":[100,100,100],"ix":6}},"ao":0,"ip":0,"op":47.9999958454548,"st":0,"bm":0},{"ddd":0,"ind":2,"ty":2,"nm":"Layer 7","refId":"image_1","sr":1,"ks":{"o":{"a":0,"k":100,"ix":11},"r":{"a":1,"k":[{"i":{"x":[0.4],"y":[1]},"o":{"x":[0.333],"y":[0]},"t":0,"s":[0]},{"i":{"x":[0.667],"y":[1]},"o":{"x":[0.6],"y":[0]},"t":26,"s":[310]},{"t":46.9999959320078,"s":[0]}],"ix":10},"p":{"a":0,"k":[534.065,498.038,0],"ix":2},"a":{"a":0,"k":[17.766,145.951,0],"ix":1},"s":{"a":0,"k":[100,100,100],"ix":6}},"ao":0,"ip":0,"op":47.9999958454548,"st":0,"bm":0},{"ddd":0,"ind":3,"ty":2,"nm":"Layer 1","refId":"image_2","sr":1,"ks":{"o":{"a":0,"k":100,"ix":11},"r":{"a":1,"k":[{"i":{"x":[0.4],"y":[1]},"o":{"x":[0.333],"y":[0]},"t":0,"s":[23]},{"i":{"x":[0.667],"y":[1]},"o":{"x":[0.6],"y":[0]},"t":24,"s":[141]},{"t":46.9999959320078,"s":[23]}],"ix":10},"p":{"a":0,"k":[538.508,496.484,0],"ix":2},"a":{"a":0,"k":[-0.738,17.767,0],"ix":1},"s":{"a":0,"k":[100,100,100],"ix":6}},"ao":0,"ip":0,"op":47.9999958454548,"st":0,"bm":0},{"ddd":0,"ind":4,"ty":2,"nm":"Layer 5","refId":"image_3","sr":1,"ks":{"o":{"a":0,"k":100,"ix":11},"r":{"a":1,"k":[{"i":{"x":[0.4],"y":[1]},"o":{"x":[0.333],"y":[0]},"t":0,"s":[0]},{"i":{"x":[0.667],"y":[1]},"o":{"x":[0.6],"y":[0]},"t":23,"s":[9]},{"t":46.9999959320078,"s":[0]}],"ix":10},"p":{"a":0,"k":[537.399,492.638,0],"ix":2},"a":{"a":0,"k":[309.439,353.979,0],"ix":1},"s":{"a":0,"k":[100,100,100],"ix":6}},"ao":0,"ip":0,"op":47.9999958454548,"st":0,"bm":0}]}],"layers":[{"ddd":0,"ind":1,"ty":0,"nm":"Pre-comp 1","refId":"comp_0","sr":1,"ks":{"o":{"a":0,"k":100,"ix":11},"r":{"a":0,"k":0,"ix":10},"p":{"a":1,"k":[{"i":{"x":0.4,"y":1},"o":{"x":0.333,"y":0},"t":0,"s":[528,522,0],"to":[0,-10,0],"ti":[0,0,0]},{"i":{"x":0.667,"y":1},"o":{"x":0.6,"y":0},"t":28,"s":[528,462,0],"to":[0,0,0],"ti":[0,-10,0]},{"t":46.9999959320078,"s":[528,522,0]}],"ix":2},"a":{"a":0,"k":[528,480,0],"ix":1},"s":{"a":0,"k":[100,100,100],"ix":6}},"ao":0,"w":1056,"h":960,"ip":0,"op":47.9999958454548,"st":0,"bm":0},{"ddd":0,"ind":2,"ty":2,"nm":"Layer 4","refId":"image_4","sr":1,"ks":{"o":{"a":0,"k":100,"ix":11},"r":{"a":0,"k":0,"ix":10},"p":{"a":1,"k":[{"i":{"x":0.4,"y":1},"o":{"x":0.167,"y":0.167},"t":0,"s":[983.728,562.059,0],"to":[0,-37.667,0],"ti":[0,0,0]},{"i":{"x":0.833,"y":0.833},"o":{"x":0.6,"y":0},"t":24,"s":[983.728,336.059,0],"to":[0,0,0],"ti":[0,-37.667,0]},{"t":46.9999959320078,"s":[983.728,562.059,0]}],"ix":2},"a":{"a":0,"k":[51.454,284.002,0],"ix":1},"s":{"a":0,"k":[100,100,100],"ix":6}},"ao":0,"ip":0,"op":47.9999958454548,"st":0,"bm":0},{"ddd":0,"ind":3,"ty":2,"nm":"Layer 3","refId":"image_5","sr":1,"ks":{"o":{"a":0,"k":100,"ix":11},"r":{"a":0,"k":0,"ix":10},"p":{"a":1,"k":[{"i":{"x":0.4,"y":1},"o":{"x":0.167,"y":0.167},"t":0,"s":[93.728,562.059,0],"to":[0,-37.667,0],"ti":[0,0,0]},{"i":{"x":0.833,"y":0.833},"o":{"x":0.6,"y":0},"t":20,"s":[93.728,336.059,0],"to":[0,0,0],"ti":[0,-37.667,0]},{"t":46.9999959320078,"s":[93.728,562.059,0]}],"ix":2},"a":{"a":0,"k":[70.75,308.397,0],"ix":1},"s":{"a":0,"k":[100,100,100],"ix":6}},"ao":0,"ip":0,"op":47.9999958454548,"st":0,"bm":0}],"markers":[]}